sha,file
17d880e501ccb021292478ac10530e44d62daa7c,8.png
5c8b9edfd7d6c9a64b638ae222ac254f87a1e4c3,10.png
369813c14c5ab5f3969f9c7fde9b8d37b73d7f4b,14.png
886cd39999b5f90b7412bcadfde3ff77310ebd49,faceless.png
b3b3e8dd7bfd199b72953b494ddd8566c53a2c21,12.png
bb7128902a2a754e53eecf4c4acac7ded03a74a9,13.png
2198283aea69e8ed519f86e8aca5d058cf1c88cc,11.png
473e5f3e8d2638bb7953ecea4136920007608456,4.png
30981ca55a272d1ce5f7ce5df9ea85d20e374255,5.png
788aab9ba62a1dd1d9bc25a9e0776b2b5ae0fa84,7.png
db152e3bcd4dee6466191937be47e2a3a7a79c41,6.png
e04b754a0b34422cd1d3979fd16b1f0b1c34c1df,2.png
c49b63e5709d7000896dd2b4b231cf088a9c508a,3.png
a415d9fb0fecce869bcec398767727e41887bc75,1.png
49be4be5086f81d702b3e2041d9fc992ce0fb313,naptimeva/pin1.png
4fda596a3834816f8d1e84d2b0cb4d58ea91995b,naptimeva/pin2.png
7910cd96504d872baef9bc892f080eaaa8ff601d,naptimeva/pin3.png
ca4934a7b8a9c3b3af142ace432a7e601460c2b9,naptimeva/pin4.png
c28cb4801cd714fe1985967d2d40b09477d9704e,naptimeva/pin5.png
f92a11482d71fbc04b1b848c9011016b56975a74,naptimeva/pin6.png
01199cb2db098398a6b280f997a0404733d5b063,naptimeva/pin7.png
65f9150a77ddf0da887fde438f01a6f9e786671e,naptimeva/pin8.png
703e70d66483f8450344ecd6b4577074a7b8014f,naptimeva/pin9.png
a34713901137ecd6a1841e22f75ce39e4bb26124,naptimeva/pin10.png
cbad3776c30a72a401f4b6b228bbaad10b879d84,naptimeva/pin11.png
6d0e744c18694bf2dfdfc2e3b8f86482acff72f7,naptimeva/pin12.png
9f816f70361b9be4729e6f2a91cbbe0c2700d220,naptimeva/pin13.png
ab3a7319fcf7e27f871f3a7fcc05d54a48559677,naptimeva/pin14.png
